Identifier,Surname,Given_Name,Middle_Initial,Suffix,Primary_Street_Number,Primary_Street_Name,City,State,Zipcode,Primary_Street_Number_Prev,Primary_Street_Name_Prev,City_Prev,State_Prev,Zipcode_Prev,Email,Phone,Birthmonth
50595539,Summers,Michelle,E,II,59674,William Brooks,Jenniferburgh,IL,41949,48430,James Vista,Brownberg,MA,07899,emcknight@example.com,727-763-4617x95884,195705
67440459,Collins,Carolyn,S,III,0785,Michelle Roads,Millerside,OR,16763,84497,Stewart Wells,Kellichester,FM,01442,katherinecooper@example.net,001-394-509-5689x3648,191209
79880170,Collins,Sarah,B,MD,799,Conner Unions,Thomasshire,WY,26651,559,Griffith Fall,Monicatown,IL,27389,youngmark@example.net,632-501-2089,196901
23583422,Hunt,Edward,H,MD,4316,Howard Ville,South Douglas,IL,07093,4589,Evans Valley,Cameronfurt,MD,47836,colleen64@example.net,+1-718-372-9074x06968,190007
62164890,Tanner,Theresa,S,PhD,933,Jessica Points,East Crystal,TN,46438,7639,Robert Vista,South John,OK,78827,jmoreno@example.net,275.805.8984x702,193805
76023429,Kennedy,John,U,II,58668,Smith Alley,Rodneyview,CA,79976,647,Eric Path,Lawrenceview,NY,06737,wwilson@example.org,397.853.0109x617,192101
11553324,Perkins,Miguel,M,DVM,64603,Andrew Ports,Dixonton,AR,31967,2453,Green Mount,South Zacharyview,WI,97945,stevenhall@example.net,001-685-368-8359x4484,193609
91560274,Wilson,Regina,W,DDS,8834,Melissa Grove,New Kimberly,FL,47189,6115,Dale River,South Veronicashire,FM,35619,adambutler@example.org,001-547-862-9938,201703
93948790,Rios,Michelle,O,MD,49423,Meghan Expressway,Riveramouth,MP,05667,6201,Donald Rest,East Robertberg,OR,86376,matamiguel@example.net,001-612-362-7677x74322,192008
13000692,Coleman,Natasha,Z,DVM,3855,Jones Ports,Amberport,OR,93726,241,Tanya Expressway,Patrickbury,TN,14953,dcrawford@example.org,+1-561-432-6028x279,200002
43858053,Soto,Joshua,T,DDS,836,Stephen Trail,Kennethberg,MT,51714,711,Laura Bypass,Coopershire,MS,99211,donovanbonnie@example.net,7925411492,195511
73481392,Conner,Cynthia,M,PhD,89526,Phillips Lake,New Johnmouth,MD,43436,69404,Matthew Mountain,South Laceyton,CT,17957,pbennett@example.net,714-962-3434,195708
28183077,Martin,Timothy,E,DVM,656,Brandon Mill,Nicoletown,DE,65737,62305,Hardin Hills,Ryanborough,MT,07551,racheldaugherty@example.com,001-654-846-6141x0079,195606
84647727,Jones,Paul,X,MD,0155,Winters Extensions,West Michaelfort,GA,52615,9428,Knight Spurs,Jamesside,LA,47436,austinbradshaw@example.net,467-503-0992x448,200803
99768356,Norris,Angela,B,MD,31618,Ortega Forge,Glennville,KY,56171,224,Leslie Street,Jacobstad,VT,58016,tsawyer@example.net,259.737.8126,194008
73526155,Drake,Jeffrey,J,DDS,8127,Rios Meadows,Vazquezmouth,RI,48010,91074,Noah Fords,Haysbury,WI,78192,susanbowman@example.net,+1-775-808-7194x81538,200403
38368586,Hobbs,Eric,U,Jr.,292,Andrea Knoll,Jacobtown,MS,89702,8039,Roy Keys,Walkerport,WY,21207,tiffany87@example.com,303.722.5981x136,194311
34880363,Nguyen,Jason,U,PhD,197,Albert Knoll,Dunnmouth,AL,72761,5562,Manuel Ports,East Elizabethview,PA,71424,wilkersonjohn@example.net,(879)691-9631x0190,199504
20970380,Townsend,Erika,O,MD,3503,Anthony Points,Vickieton,AZ,54563,26251,Green Square,Williamschester,NM,44638,jameswilliams@example.com,389-358-5450x388,201702
79934657,Smith,Dominique,F,Jr.,124,Virginia Island,Nixonburgh,ID,33478,11915,Heidi Port,Davidside,NV,92247,heathermcmillan@example.org,414-476-0989x368,196607
